tz1NkDtLboBk6gYG2jUyLmKcQHxzDDiSU3Kn,112092,1,
tz1UMXYYC8HKDM7CRGYHzquQS8XykH363jPN,257866,1,
tz1inX3zd94NqN8YsTxoT7PsmBRzi6Bu13Ec,257866,1,
tz2Mx7wzCigV6EFfiwptXzxRyPmAVEjfhZus,257866,1,
tz1ibTknNagJCgQPgcbPvJhpSyS5vxgdyFt4,112092,1,
tz1f3dYpTuVgAKBFVDccoG9E7QdvfLqqdEhK,112092,1,
tz1Wwe1nC7QmLXNa1rTm2ZAojm3HjDQ2jrj6,112092,1,
tz1SeV6vmY1nR6xuDPXRx1tWsrhqXCwmXL2j,257866,1,
tz1eky73coNLY3e8b3rzBihpkC799Db3UtKp,257866,1,
tz1fHqHbnroHWKjK2UXUaK8CYfXduc6ym2gF,112092,1,
tz1bXrkUZi2neinqmx3amCvptVwFiT43qT2m,257866,1,
