tz2AjoLXod2ZRaB7L38uFNg88XZFF67fUxDm,257910,1
tz1fdv4qjH467zGFJycBA1wX7kXgMdKSHfeq,257910,1
tz1Wwe1nC7QmLXNa1rTm2ZAojm3HjDQ2jrj6,257910,1
tz1Sh8HMRjbUrGUijaGrDtag8BifkChrXaKp,257910,1
tz1PTvHHaAi7bTxkYyd6MYrHjxToqCnXB1Ls,257910,1
tz1ej4VrWM9mwC5dzjX6LHtN6zcohoTr7X9Q,257910,1
tz1fyXibzW2g3Xd17YtV4RsV7hnJTDpZsxyn,257910,1
tz1Lhv8ZHbsNbATa5aUpRWFdUoQToGM6RbxN,257910,1
tz1PcF3U6KDKxLX5CNYUgh31FtrensvXS1vQ,257910,1
tz2UYLKTisJDAqAXTCn2u3EzMDHYMBr9JVb5,257910,1
tz1PTvHHaAi7bTxkYyd6MYrHjxToqCnXB1Ls,257910,1
tz1emc9Uto1fXZWfau8zWDCGL5e2PpnrRxqg,257910,1
tz1PqjoLXo7rc6pZSGgEsQHvLBUkSBMEQuA5,257910,1
tz1cwWy1DPNcd5imGficjrMQv184rHeW1Qh5,257910,1
tz1RrJTiy6obAbizYXimyNKALKRvCYLkVWLL,257910,1
tz1ZEoCxEKW6fPZv8LZrpu2N6DBZcCCqMS6v,257910,1
