INDEX,USER
1,_pixelform_
2,0x10
3,0x10
4,0x4a696d
5,0x655gh234
6,17blackcryp
7,1x2x3xnx0
8,2kwik
9,90blocks
10,adi_oohgaga
11,aebrer
12,aesthetics
13,AlecUrtu
14,alltra
15,amber
16,andre
17,andreasrau
18,anthonymg
19,AnyaAsano
20,aranya
21,ArtistJohn
22,Bicio
23,BitttyLabs
24,BitttyLabs
25,BitttyLabs
26,BITVARGEN
27,bolo
28,bors__nft
29,celadoor
30,chankfonts
31,charliethompson
32,Craigers
33,creator
34,CryptoBronco
35,CryptoBronco
36,CryptoCaravan
37,cryptogrinch
38,danyrus
39,danyrus
40,deadpanzoom_collect
41,deadstock
42,DerNadler
43,DreamBees
44,edgeeffect
45,edsonpavoni
46,energysketch
47,ENICOLL
48,erikswahn
49,feralmimesis
50,figureframe
51,FlippingNifty
52,FlippingNifty
53,FlippingNifty
54,FlippingNifty
55,FlippingNifty
56,FlippingNifty
57,fotochad
58,Fractal_Felix
59,furtoads
60,gammastop
61,GoldCat
62,graphicusliber
63,grasser_alex
64,hansjakobwagner
65,hansjakobwagner
66,Hansup
67,i11iquid
68,indiedo
69,ishback
70,jagracar
71,jdv_77
72,jeanvaljean
73,JivaCore
74,JivaCore
75,Johawa
76,junkersfield
77,kaitrees
78,kaitrees
79,kaitrees
80,Kinlyboy
81,kitana
82,kktybye
83,Leander_Herzog
84,loackme
85,loweffortnfts
86,M4MM0TH
87,malcolmlevy
88,Malo
89,mantis
90,Margo
91,matheus
92,metadunc
93,mikeyjblige
94,mimeArtist
95,mindsoru
96,mindsoru
97,mjrlowe
98,mobotato
99,monkeydust
100,monkeydust
101,monkeydust
102,monkeydust
103,monkeydust
104,msmyr
105,mumu_thestan
106,NEURAL%20HAZE
107,NFT*Art*House
108,NFTeazer
109,nicomir
110,Nighthawk_NFTs
111,nodeart
112,nodeart
113,nodeart
114,Novagraphix
115,OffaPerry
116,OffaPerry
117,olgajoyas
118,p1xelfool
119,photon7566
120,pierpaolo
121,PixelPlanet
122,Plop
123,Plop
124,Powderly
125,prettybad
126,Proembrion
127,raider
128,rallyrolly
129,rallyrolly
130,red_monkeygirl
131,Remy
132,Remy
133,ripze
134,ripze
135,ripze
136,rondell_hund
137,rover
138,samschannel
139,sashastiles
140,selling.at.loss
141,selling.at.loss
142,selling.at.loss
143,selling.at.loss
144,selling.at.loss
145,selling.at.loss
146,selling.at.loss
147,selling.at.loss
148,selling.at.loss
149,sethlander
150,Shortcut
151,sketchboi
152,spacab
153,stokarz
154,stokarz
155,subek
156,TeeKay
157,tezdispenzer
158,theblockdealer2
159,TheWesterner
160,thiagodini
161,timmybuggy
162,tommzardoz
163,topnftez-
164,travisleroy
165,tronjanners
166,tz1a3...Y4TM6
167,tz1a6...FjjRs
168,tz1a6...FjjRs
169,tz1a6...FjjRs
170,tz1a6...FjjRs
171,tz1a9...UPVjX
172,tz1aR...8NoBv
173,tz1bE...UEQnd
174,tz1bp...e41gM
175,tz1bS...ci2Jt
176,tz1cH...PeMCa
177,tz1cH...PeMCa
178,tz1dF...HS9MR
179,tz1dJ…Cnsjd
180,tz1dJ…Cnsjd
181,tz1dJ…Cnsjd
182,tz1dJ…Cnsjd
183,tz1dJ…Cnsjd
184,tz1dJ…Cnsjd
185,tz1dJ…Cnsjd
186,tz1dJ…Cnsjd
187,tz1dJ…Cnsjd
188,tz1dJ…Cnsjd
189,tz1dJ…Cnsjd
190,tz1dJ…Cnsjd
191,tz1dJ…Cnsjd
192,tz1dJ…Cnsjd
193,tz1dJ…Cnsjd
194,tz1dJ…Cnsjd
195,tz1dJ…Cnsjd
196,tz1dJ…Cnsjd
197,tz1dJ…Cnsjd
198,tz1dJ…Cnsjd
199,tz1dQ...2y17o
200,tz1dQ...2y17o
201,tz1dQ...2y17o
202,tz1dU...Xkq2e
203,tz1ew...3fbLi
204,tz1ey...2mJZP
205,tz1ey...2mJZP
206,tz1fg...fDt9i
207,tz1fh...Apsfk
208,tz1fh...Apsfk
209,tz1fh...Apsfk
210,tz1fh...Apsfk
211,tz1fh...Apsfk
212,tz1fh...Apsfk
213,tz1fh...Apsfk
214,tz1fh...Apsfk
215,tz1fh...Apsfk
216,tz1fh...Apsfk
217,tz1fh...DSGNJ
218,tz1fi...6AQLo
219,tz1fU...dSBft
220,tz1g1...QRiEa
221,tz1g7...UgEn9
222,tz1gc...9QEaz
223,tz1gi...6tSry
224,tz1gJ...FEFbi
225,tz1gR...t6qXx
226,tz1gW...zVdfD
227,tz1h3...tiTVF
228,tz1hD...jp9FC
229,tz1hD...jp9FC
230,tz1hj...psf7K
231,tz1hp...4rnPU
232,tz1hV...2Xez3
233,tz1ia...idomi
234,tz1ia...idomi
235,tz1ia...idomi
236,tz1iB...8t4gd
237,tz1ih...rTUGQ
238,tz1Kh...o2FuE
239,tz1Lh...6RbxN
240,tz1M1...YCXE2
241,tz1M1...YCXE2
242,tz1Mi...VkXBz
243,tz1Na...HdhmH
244,tz1NL...Y7rQH
245,tz1PF...LzjeG
246,tz1PT...XB1Ls
247,tz1PT...XB1Ls
248,tz1PT...XB1Ls
249,tz1PT...XB1Ls
250,tz1PT...XB1Ls
251,tz1PT...XB1Ls
252,tz1PT...XB1Ls
253,tz1PT...XB1Ls
254,tz1PT...XB1Ls
255,tz1PT...XB1Ls
256,tz1PT...XB1Ls
257,tz1PT...XB1Ls
258,tz1PT...XB1Ls
259,tz1PT...XB1Ls
260,tz1PT...XB1Ls
261,tz1PT...XB1Ls
262,tz1PT...XB1Ls
263,tz1PT...XB1Ls
264,tz1PT...XB1Ls
265,tz1PT...XB1Ls
266,tz1PT...XB1Ls
267,tz1PT...XB1Ls
268,tz1PT...XB1Ls
269,tz1PT...XB1Ls
270,tz1PT...XB1Ls
271,tz1PT...XB1Ls
272,tz1PT...XB1Ls
273,tz1R8...b7n9G
274,tz1R8...b7n9G
275,tz1R8...b7n9G
276,tz1R8...b7n9G
277,tz1Rr…kVWLL
278,tz1Rr…kVWLL
279,tz1Rr…kVWLL
280,tz1Rr…kVWLL
281,tz1Rr…kVWLL
282,tz1Rr…kVWLL
283,tz1Rr…kVWLL
284,tz1Rr…kVWLL
285,tz1Rr…kVWLL
286,tz1Rr…kVWLL
287,tz1Rr…kVWLL
288,tz1S5...T8mox
289,tz1S9...TxQXb
290,tz1Sc...4bk1r
291,tz1Sh...rXaKp
292,tz1T2...Q3XEK
293,tz1Te...sqzVF
294,tz1Te...sqzVF
295,tz1UQ...WersK
296,tz1UQ...WersK
297,tz1UV...e5AJx
298,tz1Vu...uEV4w
299,tz1Vz...S214i
300,tz1Wd...QxK4k
301,tz1X5...5d4vi
302,tz1Xc...eSvpY
303,tz1XG...xv5Vr
304,tz1XG...xv5Vr
305,tz1XG...xv5Vr
306,tz1XK...Bzok8
307,tz1Xr...qHQps
308,tz1Xr...xaeZ6
309,tz1Yn...2EvbW
310,tz1YS...BCeYS
311,tz1Z8...CWfnr
312,tz1Zq…k5KrL
313,tz1ZR...PDkSm
314,tz1ZY...StxYn
315,tz2PW…Uep3N
316,tz2SM...BPsyK
317,tz2St…1X6fg
318,tz2T1…eCoH6
319,tz2Wk…KCkYT
320,UnknownNFT
321,very_bad_acid
322,very_bad_acid
323,vincent_NFT
324,Voltaine
325,Waxhead
326,yangwong
327,yangwong
328,yazid
329,Yuri_jki_i
330,zaphodok
331,zaphodok
332,zeroconstraints
