INDEX,USER,ADDRESS
126,Proembrion,tz2AjoLXod2ZRaB7L38uFNg88XZFF67fUxDm
132,Remy,tz1fdv4qjH467zGFJycBA1wX7kXgMdKSHfeq
111,nodeart,tz1Wwe1nC7QmLXNa1rTm2ZAojm3HjDQ2jrj6
291,tz1Sh...rXaKp,tz1Sh8HMRjbUrGUijaGrDtag8BifkChrXaKp
269,tz1PT...XB1Ls,tz1PTvHHaAi7bTxkYyd6MYrHjxToqCnXB1Ls
7,1x2x3xnx0,tz1ej4VrWM9mwC5dzjX6LHtN6zcohoTr7X9Q
331,zaphodok,tz1fyXibzW2g3Xd17YtV4RsV7hnJTDpZsxyn
239,tz1Lh...6RbxN,tz1Lhv8ZHbsNbATa5aUpRWFdUoQToGM6RbxN
123,Plop,tz1PcF3U6KDKxLX5CNYUgh31FtrensvXS1vQ
68,indiedo,tz2UYLKTisJDAqAXTCn2u3EzMDHYMBr9JVb5
258,tz1PT...XB1Ls,tz1PTvHHaAi7bTxkYyd6MYrHjxToqCnXB1Ls
92,metadunc,tz1emc9Uto1fXZWfau8zWDCGL5e2PpnrRxqg
90,Margo,tz1PqjoLXo7rc6pZSGgEsQHvLBUkSBMEQuA5
27,bolo,tz1cwWy1DPNcd5imGficjrMQv184rHeW1Qh5
287,tz1Rrâ€¦kVWLL,tz1RrJTiy6obAbizYXimyNKALKRvCYLkVWLL
16,andre,tz1ZEoCxEKW6fPZv8LZrpu2N6DBZcCCqMS6v
