tz1Urq3uyKnJirZ3NH7VPPX7P7QQ7DMmfrHs,29170,1
tz1gfc1S3RQoMeQNnbs61NxomqjKbMQZCLoc,29170,1
tz1fhd4k1jSJRRcNVbkMwVzkKEhX3kzApsfk,29170,1
tz1RrJTiy6obAbizYXimyNKALKRvCYLkVWLL,29170,1
tz2C9dNfkPai9NTahNWJyZzTVRz9ywjjhJKD,29170,1
tz1bie4qAmN9VnwM9zZ83bRJLxenvLz9DCiw,29170,1
tz1dF16PzWVp7R9iVgyp1be9kojS8rUHS9MR,29170,1
tz1iGzCy3wj3QxEVdVkgrwNNd9yzBT9QvEKq,29170,1
tz1KrBYWqGriNsu7suyme2xvDZrgZFs9ERJh,29170,1
tz1MjNtnX6vUusRRtkShgj9rjft6CH5qM1UF,29170,1
tz1P4iM5y89uzQomRZPZ7XFuHV6Uw3b7YTQ9,29170,1
tz1PcF3U6KDKxLX5CNYUgh31FtrensvXS1vQ,29170,1
tz1Q2eekfg9ZAoxowc7YPeC14EfJLxbd1Sfw,29170,1
tz1UDwFTsdKxJaXuHE9eavD4MUvyAk185wEx,29170,1
tz1Wwe1nC7QmLXNa1rTm2ZAojm3HjDQ2jrj6,29170,1
tz1YseydcorqAoU5AY4xkvNqhghWSuKMLnCc,29170,1
tz1ZWje5jpfbWrG5iuxz7qUx7eBLLAS5Tv3z,29170,1
tz2SMoEmBGX9LvVWJcd6py4emfxNzQyBPsyK,29170,1
tz1TxDL7npfYDSyvrZFC4deUPMySvsL6xARU,29170,1
