tz1bie4qAmN9VnwM9zZ83bRJLxenvLz9DCiw,
tz1cjHCorsyNqN3cWWKoYpzycBJmpifyoWd6,
tz1dF16PzWVp7R9iVgyp1be9kojS8rUHS9MR,
tz1ej4VrWM9mwC5dzjX6LHtN6zcohoTr7X9Q,
tz1emc9Uto1fXZWfau8zWDCGL5e2PpnrRxqg,
tz1esEY2yNUNAFnescGecqbiEjuB7W5uvJNE,
tz1ewfUSKYFaKZShpsuJfcdVUg3JJA73fbLi,
tz1eyBs1AtFFHRpR7FkWS87W9mbzHGA2mJZP,
tz1f94uZ7SF2fLKnMjFzGQTbznd8qpAZ12is,
tz1fb6jz7rh4H7AojLShvhiXKaSNDyvkH7sM,
tz1fhd4k1jSJRRcNVbkMwVzkKEhX3kzApsfk,
tz1fix4myqrjzSTDkQ2tqfdEem1D9gd6AQLo,
tz1ftoC3bbCYRg6DTTR3tzUT1bQWEZF4DVbK,
tz1g6JRCpsEnD2BLiAzPNK3GBD1fKicV9rCx,
tz1gfc1S3RQoMeQNnbs61NxomqjKbMQZCLoc,
tz1h5YWqEWDhdTpWgB4hBtdN7iDavcDkYM6j,
tz1hh1BmBNT2Z4a5tNPhvGWQ2vi7MxErA4Q3,
tz1hm31gL4DXUeoaKsHCeWW91JFPrdBYgnnD,
tz1iaFR8cYHP6KM5NhduzcGqWSopB3kidomi,
tz1iGzCy3wj3QxEVdVkgrwNNd9yzBT9QvEKq,
tz1iZ9yHJzgvC4oBvHsrNmtL8GHPqtwqshAi,
tz1KrBYWqGriNsu7suyme2xvDZrgZFs9ERJh,
tz1LrQZuDuGrtozMZxhwQAZjdqJjXHPxVja8,
tz1MjNtnX6vUusRRtkShgj9rjft6CH5qM1UF,
tz1MQTKJHKrnMKzQjnhaWyzwXhbURbjfgGtg,
tz1NgN7FCrSzs4vfMroKXyKE32WsReYD4WPd,
tz1NYwQ5zBFQbws2EHihLgMjhrypgGA9Bn5e,
tz1P4iM5y89uzQomRZPZ7XFuHV6Uw3b7YTQ9,
tz1PcF3U6KDKxLX5CNYUgh31FtrensvXS1vQ,
tz1Pu8zRmNghAHzWxsT9Cy2qXHxkCrHcB3vc,
tz1PZ7a2uDxKHd2NouLrDyjFVfpvpfJ3HBNR,
tz1Q2eekfg9ZAoxowc7YPeC14EfJLxbd1Sfw,
tz1QEqUQV5cL2MvTuxW3fuV4HDWxiivFfjV4,
tz1QgjmhrUD3X7kgS9mMHbUz4cS6uDiFGhAU,
tz1RNaWaAuZjWxmdFzm28pVBgf3bhMcfTN8R,
tz1RrJTiy6obAbizYXimyNKALKRvCYLkVWLL,
tz1S2g8PKzwDkZmrMGpCU8TApYp2vt8fi8Vb,
tz1SeV6vmY1nR6xuDPXRx1tWsrhqXCwmXL2j,
tz1U72EG4beo6ZztyheWMQ4tKR2EqjPYTBoq,
tz1UDwFTsdKxJaXuHE9eavD4MUvyAk185wEx,
tz1VjaaBTjSEywNDdtHyQsdPKquDxKMwkmWp,
tz1WSc7L26aD14FtVC1ZjngUaUFNAxvChBqe,
tz1Wwe1nC7QmLXNa1rTm2ZAojm3HjDQ2jrj6,
tz1Xd75PTAwQhK9TAhUZxB7GtdczkE3397Bu,
tz1XwcnHXatm41UwLiCH93gJsrefLNfQEYe6,
tz1Xx1KnngqcdWXxjaWHknEgWVcGLgStfTqv,
tz1YseydcorqAoU5AY4xkvNqhghWSuKMLnCc,
tz1ZsNvZKUveN7FjRhMHTm9NiAUNAmrwdFKV,
tz1ZWje5jpfbWrG5iuxz7qUx7eBLLAS5Tv3z,
tz2AjoLXod2ZRaB7L38uFNg88XZFF67fUxDm,
tz2SMoEmBGX9LvVWJcd6py4emfxNzQyBPsyK,
tz2StnT3TwiU2znKx3gArJaNgnNUKpK1X6fg,
tz2Tv8m3SG8Xj2tRmgqz56QnVhQF3QcUeroo,
